{
  "project_info": {
    "project_number": "98280647272",
    "project_id": "fmas-59e46",
    "storage_bucket": "fmas-59e46.appspot.com"
  },
  "client": [
    {
      "client_info": {
        "mobilesdk_app_id": "1:98280647272:android:ff0d7e2fbb1148303829dd",
        "android_client_info": {
          "package_name": "com.example.fma_project"
        }
      },
      "oauth_client": [
        {
          "client_id": "98280647272-dp8aqink2tdgmn8h1p9pfj0iapb1dg8m.apps.googleusercontent.com",
          "client_type": 3
        }
      ],
      "api_key": [
        {
          "current_key": "AIzaSyD2KlpMIk3-8-NWjN1P-IKTDBqZkkcq8LM"
        }
      ],
      "services": {
        "appinvite_service": {
          "other_platform_oauth_client": [
            {
              "client_id": "98280647272-dp8aqink2tdgmn8h1p9pfj0iapb1dg8m.apps.googleusercontent.com",
              "client_type": 3
            }
          ]
        }
      }
    }
  ],
  "configuration_version": "1"
}